{"cameraMode":{"drawMode":0,"name":"Shaded","section":"Shading Mode"},"sceneLighting":false,"audioPlay":false,"sceneViewState":{"showFog":true,"showMaterialUpdate":false,"showSkybox":false,"showFlares":true,"showImageEffects":true,"showParticleSystems":true},"in2DMode":false,"pivot":{"x":-78.3934326171875,"y":74.24395751953125,"z":-68.60302734375},"rotation":{"x":-0.21522945165634156,"y":-0.1423860788345337,"z":0.03173714876174927,"w":-0.9656086564064026},"size":65.26045227050781,"orthographic":false}