{"cameraMode":{"drawMode":0,"name":"Shaded","section":"Shading Mode"},"sceneLighting":true,"audioPlay":false,"sceneViewState":{"showFog":true,"showMaterialUpdate":false,"showSkybox":true,"showFlares":true,"showImageEffects":true,"showParticleSystems":true},"in2DMode":false,"pivot":{"x":-4.564208030700684,"y":1.5073587894439698,"z":-5.909949779510498},"rotation":{"x":0.08057965338230133,"y":-0.124944768846035,"z":0.010181667283177376,"w":0.9888346791267395},"size":3.3193371295928957,"orthographic":false}