{"cameraMode":{"drawMode":0,"name":"Shaded","section":"Shading Mode"},"sceneLighting":true,"audioPlay":false,"sceneViewState":{"showFog":true,"showMaterialUpdate":false,"showSkybox":false,"showFlares":true,"showImageEffects":true,"showParticleSystems":true},"in2DMode":false,"pivot":{"x":1.5092406272888184,"y":0.8238298892974854,"z":-1.7339410781860352},"rotation":{"x":-0.1079324409365654,"y":0.8587430119514465,"z":-0.20225560665130616,"w":-0.45826300978660586},"size":8.104657173156739,"orthographic":false}