{"cameraMode":{"drawMode":0,"name":"Shaded","section":"Shading Mode"},"sceneLighting":true,"audioPlay":false,"sceneViewState":{"showFog":true,"showMaterialUpdate":false,"showSkybox":false,"showFlares":true,"showImageEffects":true,"showParticleSystems":true},"in2DMode":false,"pivot":{"x":2.137510299682617,"y":0.6087920665740967,"z":-3.6292223930358888},"rotation":{"x":-0.3980986773967743,"y":0.40709033608436587,"z":-0.20346993207931519,"w":-0.7964909672737122},"size":4.744720935821533,"orthographic":false}