{"cameraMode":{"drawMode":0,"name":"Shaded","section":"Shading Mode"},"sceneLighting":true,"audioPlay":false,"sceneViewState":{"showFog":true,"showMaterialUpdate":false,"showSkybox":false,"showFlares":true,"showImageEffects":true,"showParticleSystems":true},"in2DMode":false,"pivot":{"x":2.7372193336486818,"y":0.6410551071166992,"z":-0.3865089416503906},"rotation":{"x":-0.24927011132240296,"y":-0.023247970268130304,"z":0.005985897034406662,"w":-0.9681386351585388},"size":11.611077308654786,"orthographic":false}